ticker,security_type,name,valid_from,valid_to
AABA,EQUITY,Altaba Inc,1996-04-12,2019-11-06
AAL,EQUITY,American Airlines Group Inc,2005-09-27,
AAMRQ,EQUITY,Amr Corp,2001-01-02,2013-12-17
AAP,EQUITY,Advance Auto Parts Inc,2001-11-29,
ABMD,EQUITY,Abiomed Inc,1987-07-30,2023-01-03
ACAS,EQUITY,American Capital Ltd,1997-09-02,2017-01-11
ACS,EQUITY,AFFILIATED COMPUTER SERVICES INC,2010-02-05,2011-02-14
AET,EQUITY,Aetna Inc,1977-01-03,2018-11-28
AGN,EQUITY,Allergan Inc,1989-06-22,2020-05-08
AIT,EQUITY,Applied Industrial Technologies Inc,1984-09-07,
AIV,EQUITY,Apartment Investment & Management Co. - Class A,1994-07-22,
AKS,EQUITY,AK Steel Holding Corp,1994-03-30,2020-03-13
ALK,EQUITY,Alaska Air Group Inc,1983-01-03,
ALXN,EQUITY,Alexion Pharmaceuticals Inc,1996-02-28,2021-07-28
AMCC,EQUITY,Applied Micro Circuits Corp,2001-01-02,2017-02-03
AMG,EQUITY,Affiliated Managers Group Inc,1997-11-21,
AMTM,EQUITY,Amentum Holdings Inc,2024-09-24,
AN,EQUITY,Autonation Inc,1992-03-03,
ANDV,EQUITY,Andeavor Corp,1983-04-06,2018-09-28
ANF,EQUITY,Abercrombie & Fitch Co. - Class A,1996-09-26,
ANRZQ,EQUITY,Alpha Natural Resources Inc,2005-02-15,2016-07-27
ANSS,EQUITY,Ansys Inc,1996-06-21,
ARG,EQUITY,Airgas Inc,1986-12-22,2016-05-31
ARNC,EQUITY,Arconic Corporation,2020-04-01,2023-08-17
ASH,EQUITY,Ashland Inc,1983-04-06,
ATI,EQUITY,ATI Inc,1999-11-29,
ATVI,EQUITY,Activision Blizzard Inc,1993-10-25,2023-10-13
AVP,EQUITY,Avon Products Inc,1972-06-01,2020-01-03
AYE,EQUITY,ALLEGHENY ENERGY INC,2006-12-28,2011-11-30
AYI,EQUITY,Acuity Brands Inc,2001-12-03,
BBBY,EQUITY,Beyond Inc,2002-05-30,
BBT,EQUITY,Beacon Financial Corp,2000-06-28,
BBWI,EQUITY,Bath & Body Works Inc,1985-07-01,
BC,EQUITY,Brunswick Corp,1981-12-31,
BCO,EQUITY,Brink`s Company,1996-01-03,
BCR,EQUITY,C.R. Bard Inc,1983-04-06,2017-12-29
BGG,EQUITY,Briggs Stratton Corp,1984-09-07,2020-07-20
BHF,EQUITY,Brighthouse Financial Inc,2017-07-17,
BIO,EQUITY,Bio-Rad Laboratories Inc - Class A,1980-02-27,
BJS,EQUITY,BJ SERVICES CO,2006-12-28,2011-05-09
BMS,EQUITY,Bemis Company Inc,1984-09-07,2019-06-28
BRCM,EQUITY,Broadcom Corp,2016-01-04,2016-02-09
BRL,EQUITY,BARR PHARMACEUTICALS INC,2006-12-28,2008-12-22
BVSN,EQUITY,BroadVision Inc,1996-06-21,2020-05-18
BWA,EQUITY,BorgWarner Inc,1993-08-13,
BXLT,EQUITY,Baxalta Inc,2015-06-30,2016-06-16
CAL,EQUITY,Caleres Inc,1984-09-07,
CAR,EQUITY,Avis Budget Group Inc,1990-01-12,
CCEP,EQUITY,Coca-Cola Europacific Partners Plc,1986-11-24,
CCK,EQUITY,Crown Holdings Inc,1984-12-18,
CCU,EQUITY,Compania Cervecerias Unidas S.A.,2001-01-02,
CE,EQUITY,Celanese Corp - Series A,2005-01-21,
CELG,EQUITY,Celgene Corp,1990-03-26,2019-11-22
CERN,EQUITY,Cerner Corp,1990-03-26,2022-09-08
CFN,EQUITY,CareFusion Corp,2009-08-21,2015-03-17
CHK,EQUITY,Chesapeake Energy Corp,1993-02-16,2024-10-04
CLF,EQUITY,Cleveland-Cliffs Inc,1987-11-05,
CMA,EQUITY,Comerica Inc,1990-03-26,2026-01-30
CMCSK,EQUITY,Comcast Corp,1990-03-26,2015-12-21
CNW,EQUITY,Conway Inc,1980-01-02,2015-10-30
CNX,EQUITY,CNX Resources Corp,1999-04-30,
COL,EQUITY,Rockwell Collins Inc,2001-06-15,2018-11-26
COTY,EQUITY,Coty Inc - Class A,2013-06-13,
COV,EQUITY,Covidien plc,2007-06-14,2015-02-03
CPGX,EQUITY,Columbia Pipeline Group Inc,2015-07-01,2016-07-01
CPRI,EQUITY,Capri Holdings Ltd,2011-12-15,
CPWR,EQUITY,Ocean Thermal Energy Corp,1992-12-16,
CRR,EQUITY,CARBO Ceramics Inc,1996-04-23,2019-12-20
CSR,EQUITY,Centerspace,1997-10-17,
CSRA,EQUITY,CSRA Inc,2015-11-30,2018-04-04
CTB,EQUITY,Cooper Tire & Rubber Company,1987-11-05,2021-06-08
CTLT,EQUITY,Catalent Inc,2014-07-31,2024-12-18
CTRA,EQUITY,Coterra Energy Inc,1990-02-08,2026-05-06
CTXS,EQUITY,Citrix Systems Inc,1995-12-08,2022-11-02
CVC,EQUITY,Cablevision Systems Corp,2016-01-04,2016-06-21
CVG,EQUITY,Convergys Corp,1998-08-13,2018-12-14
CVH,EQUITY,Coventry Health Care Inc,2006-12-28,2013-10-17
CXO,EQUITY,Concho Resources Inc,2007-08-03,2021-01-15
CZR,EQUITY,Caesars Entertainment Inc,2014-09-22,
DAY,EQUITY,Dayforce Inc,2018-04-26,2026-02-03
DDR,EQUITY,DDR Corp,1993-02-02,2018-10-11
DDS,EQUITY,Dillard`s Inc - Class A,1989-06-30,
DFS,EQUITY,Discover Financial Services,2007-06-14,2025-05-16
DISCA,EQUITY,,2022-04-06,2022-09-16
DISCK,EQUITY,Warner Bros. Discovery Inc - Series C,2008-09-18,2022-09-16
DISH,EQUITY,Dish Network Corp - Class A,1995-06-21,2024-01-09
DLX,EQUITY,Deluxe Corp,1987-07-23,
DNR,EQUITY,Denbury Resources Inc,1995-09-06,2020-07-30
DRE,EQUITY,Duke Realty Corp,1987-11-05,2022-10-03
DXC,EQUITY,DXC Technology Company,2017-02-01,
ECHO,EQUITY,Echo Global Logistics Inc,2009-10-02,
EMN,EQUITY,Eastman Chemical Company,1993-12-14,
ENPH,EQUITY,Enphase Energy Inc,2012-03-30,
EP,EQUITY,Empire Petroleum Corporation,2011-02-23,
EPAM,EQUITY,EPAM Systems Inc,2012-02-08,
ESRX,EQUITY,Express Scripts Holding Company,1992-06-09,2018-12-20
ETFC,EQUITY,E TRADE Financial Corp,1996-08-16,2020-10-02
ETSY,EQUITY,Etsy Inc,2015-04-16,
EVHC,EQUITY,Envision Healthcare Holdings Inc,2013-08-14,2018-12-14
FCN,EQUITY,FTI Consulting Inc,1996-05-09,
FCPT,EQUITY,Four Corners Property Trust Inc,2015-11-10,
FDO,EQUITY,Family Dollar Stores Inc,1985-02-25,2015-07-13
FHN,EQUITY,First Horizon Corporation,1990-03-26,
FL,EQUITY,Foot Locker Inc,1970-01-02,
FLEX,EQUITY,Flex Ltd,1994-03-18,
FLIR,EQUITY,Flir Systems Inc,1993-06-22,2021-05-14
FLR,EQUITY,Fluor Corporation,2000-12-01,
FLS,EQUITY,Flowserve Corp,1990-03-26,
FLT,EQUITY,Fleetcor Technologies Inc,2010-12-15,
FMC,EQUITY,FMC Corp,1985-07-01,
FMCC,EQUITY,Federal Home Loan Mortgage Corp,1988-12-02,
FNMA,EQUITY,Federal National Mortgage Association,1977-01-03,
FOSL,EQUITY,Fossil Group Inc,1993-04-08,
FRX,EQUITY,Forest Laboratories Inc,1988-04-19,2014-07-01
FTI,EQUITY,TechnipFMC plc,2001-06-14,
FWLT,EQUITY,Foster Wheeler AG,1972-06-01,2014-12-03
GAS,EQUITY,AGL Resources Inc,1973-05-03,2016-07-01
GGP,EQUITY,General Growth Properties Inc,1993-04-08,2018-08-28
GHC,EQUITY,Graham Holdings Co. - Class B,1990-01-24,
GMCR,EQUITY,Green Mountain Coffee Roasters Inc,2001-01-12,2016-03-04
GME,EQUITY,Gamestop Corporation - Class A,2002-02-13,
GNW,EQUITY,Genworth Financial Inc - Class A,2004-05-25,
GRA,EQUITY,W.R. Grace & Company,1982-01-04,2021-09-22
GT,EQUITY,Goodyear Tire & Rubber Company,1970-01-02,
H,EQUITY,Hyatt Hotels Corporation - Class A,2009-11-05,
HAR,EQUITY,Harman International Industries IncDE,2016-01-04,2017-03-10
HBI,EQUITY,Hanesbrands Inc,2006-09-06,
HCBK,EQUITY,Hudson City Bancorp Inc,1999-07-13,2015-10-30
HES,EQUITY,Hess Corporation,1983-04-06,2025-07-18
HNZ,EQUITY,H.J. Heinz Company,2001-01-02,2013-10-17
HOG,EQUITY,Harley-Davidson Inc,1987-11-05,
HOLX,EQUITY,Hologic Inc,1990-03-26,2026-04-07
HP,EQUITY,Helmerich & Payne Inc,1980-10-15,
HPC,EQUITY,HERCULES INC,2006-12-28,2008-11-24
HRB,EQUITY,H&R Block Inc,1986-11-12,
HSH,EQUITY,Hillshire Brands Company,1986-05-05,2014-08-29
HSP,EQUITY,Hospira Inc,2004-05-03,2015-09-02
ILMN,EQUITY,Illumina Inc,2000-07-28,
IPG,EQUITY,Interpublic Group Of Cos. Inc,1987-11-05,2025-11-26
IPGP,EQUITY,IPG Photonics Corp,2006-12-13,
ITT,EQUITY,ITT Inc,1995-12-18,
JEF,EQUITY,Jefferies Financial Group Inc,1987-11-05,
JNPR,EQUITY,Juniper Networks Inc,1999-06-25,2025-07-02
JNS,EQUITY,Janus Capital Group Inc,2000-06-26,2017-05-30
JNY,EQUITY,The Jones Group Inc,1991-05-16,2014-04-09
JOY,EQUITY,Joy Global Inc,2001-05-25,2017-04-13
JWN,EQUITY,Nordstrom Inc,1986-07-09,2025-05-20
K,EQUITY,Kellanova,1984-12-17,2025-12-11
KATE,EQUITY,Kate Spade & Company,1981-06-09,2017-07-12
KBH,EQUITY,KB Home,1987-11-05,
KMG,EQUITY,KMG Chemicals Inc,1997-01-28,2018-12-14
KMX,EQUITY,Carmax Inc,1997-02-04,
KRFT,EQUITY,Kraft Foods Group Inc,2012-09-17,2015-07-10
KSS,EQUITY,Kohl`s Corp,1992-05-19,
KSU,EQUITY,Kansas City Southern,1987-11-05,2021-12-13
LEG,EQUITY,Leggett & Platt Inc,1987-11-05,
LKQ,EQUITY,LKQ Corp,2003-10-03,
LLTC,EQUITY,Linear Technology Corp,2016-01-04,2017-03-20
LM,EQUITY,Legg Mason Inc,1987-11-05,2020-07-31
LNC,EQUITY,Lincoln National Corp,1984-10-05,
LO,EQUITY,Lorillard Inc,2002-02-01,2015-06-22
LPX,EQUITY,Louisiana-Pacific Corp,1982-01-04,
LSI,EQUITY,Life Storage Inc,1995-06-21,2023-07-19
LUB,EQUITY,Luby`s Inc,1985-07-01,2022-06-21
LUMN,EQUITY,Lumen Technologies Inc,1987-11-05,
LVLT,EQUITY,Level 3 Communications Inc,1998-03-31,2017-11-01
LW,EQUITY,Lamb Weston Holdings Inc,2016-11-10,
M,EQUITY,Macy`s Inc,1992-02-05,
MAC,EQUITY,Macerich Company,1994-03-10,
MAT,EQUITY,Mattel Inc,1982-01-04,
MBI,EQUITY,MBIA Inc,1987-07-02,
MD,EQUITY,Pediatrix Medical Group Inc,1995-09-20,
MDP,EQUITY,Meredith Corp,1985-07-01,2021-12-01
MDR,EQUITY,McDermott International,1982-12-31,2020-01-22
MER,EQUITY,MERRILL LYNCH CO INC,2006-12-28,2008-12-31
MFE,EQUITY,McAfee Inc,2006-12-28,2011-03-01
MHK,EQUITY,Mohawk Industries Inc,1992-04-01,
MHS,EQUITY,MEDCO HEALTH SOLUTIONS INC,2006-12-28,2013-04-10
MIL,EQUITY,MFC Industrial Ltd,1996-05-08,2016-02-12
MIR,EQUITY,Mirion Technologies Inc - Class A,2020-08-20,
MJN,EQUITY,Mead Johnson Nutrition CO,2009-02-11,2017-07-14
MKTX,EQUITY,MarketAxess Holdings Inc,2004-11-05,
MOH,EQUITY,Molina Healthcare Inc,2003-07-02,
MRO,EQUITY,Marathon Oil Corporation,1970-01-02,2024-11-22
MRVL,EQUITY,Marvell Technology Inc,2000-06-30,
MTCH,EQUITY,Match Group Inc - New,2015-11-19,
MTG,EQUITY,MGIC Investment Corp,1991-08-07,
MTW,EQUITY,Manitowoc Co. Inc,1990-03-26,
MUR,EQUITY,Murphy Oil Corp,1983-04-06,
MWV,EQUITY,MeadWestvaco Corp,1985-07-01,2015-07-01
MWW,EQUITY,Monster Worldwide Inc,2008-11-11,2016-11-09
MXIM,EQUITY,Maxim Integrated Products Inc,1990-03-26,2021-09-01
MYL,EQUITY,Mylan N.V.,1987-12-18,2020-11-19
NAV,EQUITY,Navistar International Corp,1970-01-02,2021-06-30
NAVI,EQUITY,Navient Corp,2014-04-17,
NBL,EQUITY,Noble Energy Inc,1982-01-04,2020-10-06
NBR,EQUITY,Nabors Industries Ltd,1991-02-28,
NC,EQUITY,Nacco Industries Inc - Class A,1977-06-17,
NE,EQUITY,Noble Corp Plc - Class A,2021-06-09,
NKTR,EQUITY,Nektar Therapeutics,1994-05-03,
NLSN,EQUITY,Nielsen Holdings plc,2011-01-27,2022-10-11
NOV,EQUITY,NOV Inc,1996-10-29,
NWL,EQUITY,Newell Brands Inc,1984-07-19,
NYT,EQUITY,New York Times Co. - Class A,1973-05-03,
NYX,EQUITY,NYSE Euronext,2007-06-04,2013-11-12
ODP,EQUITY,ODP Corporation (The),1990-03-26,
OGN,EQUITY,Organon & Company,2021-05-14,
OI,EQUITY,O-I Glass Inc,1991-12-11,
OMX,EQUITY,OFFICEMAX INC,2006-12-28,2013-11-05
PARA,EQUITY,Paramount Global - Class B,2006-01-03,2025-08-07
PAYC,EQUITY,Paycom Software Inc,2014-04-15,
PBCT,EQUITY,People`s United Financial Inc,1990-03-26,2022-04-04
PBG,EQUITY,PEPSI BOTTLING GROUP INC,2001-01-02,2011-03-07
PBI,EQUITY,Pitney Bowes Inc,1972-06-01,
PCH,EQUITY,PotlatchDeltic Corp,1985-11-11,2026-02-02
PCP,EQUITY,Precision Castparts Corp,2016-01-04,2016-02-08
PDCO,EQUITY,Patterson Companies Inc,1992-10-28,2025-04-17
PENN,EQUITY,PENN Entertainment Inc,1994-05-26,
PETM,EQUITY,PetSmart Inc,1993-07-23,2015-03-11
PRGO,EQUITY,Perrigo Company plc,1991-12-17,
PVH,EQUITY,PVH Corp,1987-07-10,
PX,EQUITY,Praxair Inc,1992-06-17,2018-10-30
PXD,EQUITY,Pioneer Natural Resources Company,1997-08-08,2024-05-03
QEP,EQUITY,QEP Resources Inc,2010-06-16,2021-03-18
QRVO,EQUITY,Qorvo Inc,2015-01-02,
R,EQUITY,Ryder System Inc,1980-01-02,
RAI,EQUITY,Reynolds American Inc,1999-06-01,2017-08-17
RDC,EQUITY,Rowan Companies PLC,1983-04-06,2019-04-11
RHI,EQUITY,Robert Half Inc,1992-03-10,
RHT,EQUITY,Red Hat Inc,1999-08-11,2019-07-08
RIG,EQUITY,Transocean Ltd,1993-05-28,
ROH,EQUITY,ROHM HAAS CO,2006-12-28,2009-04-01
RRC,EQUITY,Range Resources Corp,1992-12-28,
RRD,EQUITY,R.R. Donnelley & Sons Company,1985-07-01,2022-02-25
RTN,EQUITY,Raytheon Company,1981-12-31,2020-04-03
SANM,EQUITY,Sanmina Corp,1993-06-22,
SAPE,EQUITY,Sapient Corp,1996-04-04,2015-02-05
SBNY,EQUITY,Signature Bank,2004-03-23,
SCG,EQUITY,SCANA Corp,1987-12-30,2018-12-31
SCI,EQUITY,Service Corp International,1987-07-23,
SEDG,EQUITY,Solaredge Technologies Inc,2015-03-26,
SEE,EQUITY,Sealed Air Corp,1987-12-30,2026-04-09
SIAL,EQUITY,SigmaAldrich Corp,1990-03-26,2015-11-18
SIG,EQUITY,Signet Jewelers Ltd,1994-10-31,
SLG,EQUITY,SL Green Realty Corp,1997-08-15,
SLM,EQUITY,SLM Corp,1988-01-05,
SNI,EQUITY,Scripps Networks Interactive Inc,2008-06-12,2018-03-16
SNT,EQUITY,Senstar Technologies Corp,1993-03-23,
SNV,EQUITY,Synovus Financial Corp,1990-01-12,2025-12-31
SOV,EQUITY,Santander Holdings USA Inc,2006-12-28,2009-01-29
SRCL,EQUITY,Stericycle Inc,1996-08-23,2024-11-04
SSP,EQUITY,E.W. Scripps Co. - Class A,1990-03-26,
STJ,EQUITY,St Jude Medical Inc,1989-12-07,2017-01-18
SUN,EQUITY,Sunoco LP,2012-09-20,
SVU,EQUITY,SUPERVALU INC.,1985-07-01,2018-12-14
SWN,EQUITY,Southwestern Energy Company,1987-12-30,2024-10-01
SWY,EQUITY,Safeway Inc,1990-04-26,2015-02-09
TDC,EQUITY,Teradata Corp,2007-10-01,
TEG,EQUITY,Integrys Energy Group Inc,1988-01-05,2015-06-29
TEX,EQUITY,Terex Corp,1990-03-26,
TFX,EQUITY,Teleflex Incorporated,1988-02-18,
TGNA,EQUITY,TEGNA Inc,1985-07-01,2026-03-20
THC,EQUITY,Tenet Healthcare Corp,1982-01-04,
TIE,EQUITY,Titanium Metals Corp,2006-12-28,2013-01-07
TIF,EQUITY,Tiffany & Company,1987-12-30,2021-01-08
TKR,EQUITY,Timken Company,1985-07-01,
TRIP,EQUITY,TripAdvisor Inc,2011-12-07,
TWC,EQUITY,Time Warner Cable Inc,2007-03-01,2016-05-26
TWTR,EQUITY,Twitter Inc,2013-11-07,2022-10-28
TWX,EQUITY,Time Warner Inc,1992-03-19,2018-06-15
UA,EQUITY,Under Armour Inc - Class C,2016-04-07,
UAA,EQUITY,Under Armour Inc - Class A,2005-11-18,
UIS,EQUITY,Unisys Corp,1972-06-01,
UNM,EQUITY,Unum Group,1986-11-06,
URBN,EQUITY,Urban Outfitters Inc,1993-11-09,
VAR,EQUITY,Varian Medical Systems Inc,1988-01-05,2021-04-16
VFC,EQUITY,VF Corp,1985-07-01,
VIAB,EQUITY,Viacom Inc,2005-12-05,2019-12-04
VNO,EQUITY,Vornado Realty Trust,1988-01-05,
VNT,EQUITY,Vontier Corporation,2020-09-25,
VTSS,EQUITY,Vitesse Semiconductor Corp,1991-12-11,2015-05-06
WBA,EQUITY,Walgreens Boots Alliance Inc,1985-07-01,2025-08-28
WCG,EQUITY,WellCare Health Plans Inc,2004-07-01,2020-01-23
WEN,EQUITY,Wendy`s Co - Class A,1992-03-17,
WFM,EQUITY,Whole Foods Market Inc,1992-01-23,2017-08-29
WHR,EQUITY,Whirlpool Corp,1983-06-10,
WOR,EQUITY,Worthington Enterprises Inc,1990-03-26,
WPX,EQUITY,WPX Energy Inc,2011-12-12,2021-01-14
WU,EQUITY,Western Union Company,2006-10-02,
X,EQUITY,United States Steel Corp,1991-04-12,2025-06-18
XEC,EQUITY,Cimarex Energy Company,2002-09-25,2021-10-04
XL,EQUITY,XL Group plc,1991-07-19,2018-09-13
XLNX,EQUITY,Xilinx Inc,1990-06-18,2022-02-14
XRAY,EQUITY,DENTSPLY Sirona Inc,1991-04-25,
XRX,EQUITY,Xerox Holdings Corp,1977-01-03,
XTO,EQUITY,XTO ENERGY INC,2001-01-02,2013-02-07
ZION,EQUITY,Zions Bancorporation N.A,1990-03-26,
